{"cameraMode":{"drawMode":0,"name":"Shaded","section":"Shading Mode"},"sceneLighting":true,"audioPlay":false,"sceneViewState":{"showFog":true,"showMaterialUpdate":false,"showSkybox":true,"showFlares":true,"showImageEffects":true,"showParticleSystems":true},"in2DMode":false,"pivot":{"x":95.115234375,"y":-16.803844451904298,"z":-18.0571231842041},"rotation":{"x":-0.12171504646539688,"y":-0.7253233790397644,"z":0.1327936053276062,"w":-0.6644226312637329},"size":171.98854064941407,"orthographic":false}